Yeary,Monthy,Day,Time UTC,Mag,Lat,Lon,Depth km,Region,IRIS ID,Timestamp
2019,10,2,22:28:55,4.3,38.2409,73.411,165.7,TAJIKISTAN-XINJIANG BORDER REG.,11126204,1570055335
2019,9,30,12:24:25,4.5,40.082,76.1214,50.2,KYRGYZSTAN-XINJIANG BORDER REG.,11124569,1569846265
2019,9,26,06:57:06,4.5,38.6627,73.4594,146.6,TAJIKISTAN-XINJIANG BORDER REG.,11122495,1569481026
2019,9,15,21:44:07,4.5,39.6602,76.8525,10,"SOUTHERN XINJIANG, CHINA",11117412,1568583847
2019,8,8,18:04:07,4.3,38.3539,75.0673,119.6,"SOUTHERN XINJIANG, CHINA",11096399,1565287447
2019,5,21,10:12:13,4.3,38.391,73.6955,133.5,TAJIKISTAN-XINJIANG BORDER REG.,11041486,1558433533
2019,5,18,07:53:37,4.4,38.8923,74.8835,35,TAJIKISTAN-XINJIANG BORDER REG.,11038829,1558166017
2019,5,17,19:49:39,4.3,39.6404,75.7201,52.8,"SOUTHERN XINJIANG, CHINA",11038621,1558122579
2019,4,29,00:23:18,4.8,39.2124,73.6416,35,TAJIKISTAN-XINJIANG BORDER REG.,11031513,1556497398
2019,4,13,19:08:38,4,37.6793,75.1194,100.7,TAJIKISTAN-XINJIANG BORDER REG.,11025304,1555182518
2019,4,12,14:24:16,4.4,36.8842,75.9659,10,KASHMIR-XINJIANG BORDER REGION,11027657,1555079056
2019,4,6,04:02:41,4.5,39.0831,74.5781,35,"SOUTHERN XINJIANG, CHINA",11022936,1554523361
2019,2,19,17:33:53,4.4,38.3852,75.1294,114.9,"SOUTHERN XINJIANG, CHINA",11007198,1550597633
2019,2,4,06:12:26,4.5,38.4723,73.9308,132.7,TAJIKISTAN-XINJIANG BORDER REG.,11002501,1549260746
2019,1,13,09:01:49,4.1,39.6296,75.3867,35,"SOUTHERN XINJIANG, CHINA",10995372,1547370109
2019,1,12,04:32:04,5.3,39.7003,75.6403,33.1,"SOUTHERN XINJIANG, CHINA",10995047,1547267524
2018,12,30,04:48:44,4.2,38.279,73.5977,125.7,TAJIKISTAN-XINJIANG BORDER REG.,10990961,1546145324
2018,12,20,11:49:47,4.6,39.1851,74.7205,10,"SOUTHERN XINJIANG, CHINA",10987440,1545306587
2018,12,20,11:08:11,5.1,39.1005,74.7699,8,"SOUTHERN XINJIANG, CHINA",10987427,1545304091
2018,12,13,05:47:39,4.6,39.0301,74.7213,35,"SOUTHERN XINJIANG, CHINA",10984631,1544680059
2018,12,11,17:04:06,4.6,38.1439,74.1855,165.6,TAJIKISTAN-XINJIANG BORDER REG.,10983851,1544547846
2018,12,2,04:44:00,4.2,39.7671,74.4116,53.3,"SOUTHERN XINJIANG, CHINA",10977743,1543725840
2018,11,25,23:18:06,4.1,39.8111,73.6973,10,TAJIKISTAN-XINJIANG BORDER REG.,10974469,1543187886
2018,10,30,02:22:21,4.9,39.4737,75.1416,20.4,"SOUTHERN XINJIANG, CHINA",10965450,1540866141
2018,10,19,13:25:46,5.1,38.4095,73.8932,123,TAJIKISTAN-XINJIANG BORDER REG.,10961445,1539955546
2018,10,15,14:12:56,4.4,38.2993,75.4685,131.6,"SOUTHERN XINJIANG, CHINA",10959660,1539612776
2018,10,10,01:48:48,4.5,39.7185,73.9316,44.4,TAJIKISTAN-XINJIANG BORDER REG.,10957698,1539136128
2018,10,8,14:48:02,4.6,39.4189,75.1609,27.1,"SOUTHERN XINJIANG, CHINA",10957361,1539010082
2018,9,4,02:51:30,4.4,39.5584,76.6279,35.9,"SOUTHERN XINJIANG, CHINA",10943712,1536029490
2018,8,8,20:19:35,4.2,39.1865,74.1395,41.4,"SOUTHERN XINJIANG, CHINA",10932813,1533759575
2018,7,12,19:46:47,5.1,38.4099,73.4757,125.4,TAJIKISTAN-XINJIANG BORDER REG.,10908652,1531424807
2018,6,6,14:51:07,4.3,37.595,75.7516,54.7,TAJIKISTAN-XINJIANG BORDER REG.,10895294,1528296667
2018,5,8,00:44:12,4.4,39.9788,75.9532,24.8,"SOUTHERN XINJIANG, CHINA",10770411,1525740252
2018,5,6,03:17:22,4.6,39.4847,73.3932,36,TAJIKISTAN-XINJIANG BORDER REG.,10769433,1525576642
2018,5,4,10:43:53,4.4,39.7426,74.661,63,"SOUTHERN XINJIANG, CHINA",10768373,1525430633
2018,4,3,08:14:42,5.1,39.7523,74.4652,36.2,"SOUTHERN XINJIANG, CHINA",10723738,1522743282
2018,3,12,06:33:16,4.2,38.3446,74.9053,140.3,TAJIKISTAN-XINJIANG BORDER REG.,10684443,1520836396
2018,3,3,23:05:47,4.8,39.6441,73.9572,47.8,TAJIKISTAN-XINJIANG BORDER REG.,10681224,1520118347
2018,2,14,23:21:44,4.2,38.3834,73.7817,135.7,TAJIKISTAN-XINJIANG BORDER REG.,10681278,1518650504
2018,2,14,22:30:55,4.1,39.4707,73.3862,10,TAJIKISTAN-XINJIANG BORDER REG.,10682896,1518647455
2018,1,17,03:48:14,4.3,38.1667,74.0871,168.7,TAJIKISTAN-XINJIANG BORDER REG.,10605594,1516160894
2018,1,15,02:58:50,4.5,38.2562,73.9154,52.3,TAJIKISTAN-XINJIANG BORDER REG.,10605006,1515985130
2018,1,8,04:18:51,4.2,39.602,73.288,45.7,TAJIKISTAN-XINJIANG BORDER REG.,10602122,1515385131
2018,1,5,07:52:52,4.1,38.1585,74.324,175,TAJIKISTAN-XINJIANG BORDER REG.,10601217,1515138772
2018,1,4,19:53:54,4.3,38.6691,73.647,109.7,TAJIKISTAN-XINJIANG BORDER REG.,10600923,1515095634
2017,12,25,21:02:24,4.8,39.4727,73.6696,40.4,TAJIKISTAN-XINJIANG BORDER REG.,10598157,1514235744
2017,12,12,17:20:31,4.3,39.6756,74.1255,49.5,"SOUTHERN XINJIANG, CHINA",10563158,1513099231
2017,12,3,17:50:19,4.6,39.2819,74.2862,63.7,"SOUTHERN XINJIANG, CHINA",10560108,1512323419
2017,11,21,13:15:20,4.3,38.3885,75.4981,136.9,"SOUTHERN XINJIANG, CHINA",10556485,1511270120
2017,11,10,20:53:38,5,38.2556,73.9098,36,TAJIKISTAN-XINJIANG BORDER REG.,10485322,1510347218
2017,11,7,16:28:46,4.7,39.5863,73.6628,52.6,TAJIKISTAN-XINJIANG BORDER REG.,10452899,1510072126
2017,11,5,20:54:25,4.3,38.468,73.4216,119.6,TAJIKISTAN-XINJIANG BORDER REG.,10452378,1509915265
2017,10,29,15:15:36,4,38.2264,74.6487,146,TAJIKISTAN-XINJIANG BORDER REG.,10449947,1509290136
2017,10,25,21:02:16,4.5,37.2437,75.3327,41.1,TAJIKISTAN-XINJIANG BORDER REG.,10448443,1508965336
2017,10,24,12:54:09,4.4,38.3511,73.9708,137.7,TAJIKISTAN-XINJIANG BORDER REG.,10447973,1508849649
2017,10,15,00:58:00,4.4,38.6645,76.151,56.5,"SOUTHERN XINJIANG, CHINA",10453618,1508029080
2017,9,9,07:48:36,4.2,38.8091,74.9524,10,TAJIKISTAN-XINJIANG BORDER REG.,10402591,1504943316
2017,8,28,22:27:31,4.4,39.5428,75.2437,10,"SOUTHERN XINJIANG, CHINA",10397931,1503959251
2017,8,18,08:10:01,4.2,38.4544,73.3353,136.7,TAJIKISTAN-XINJIANG BORDER REG.,10394015,1503043801
2017,8,15,22:49:42,4.7,38.214,74.0272,10,TAJIKISTAN-XINJIANG BORDER REG.,10393048,1502837382
2017,8,12,04:14:27,4.3,39.6066,74.587,36.5,"SOUTHERN XINJIANG, CHINA",10401065,1502511267
2017,8,3,00:14:59,4.7,39.7077,73.9444,43.6,TAJIKISTAN-XINJIANG BORDER REG.,10387333,1501719299
2017,7,30,03:12:35,4.2,39.2113,74.2266,10,"SOUTHERN XINJIANG, CHINA",10281529,1501384355
2017,7,16,21:13:10,4.1,39.6149,73.4495,10,TAJIKISTAN-XINJIANG BORDER REG.,10276351,1500239590
2017,7,10,22:05:39,4,39.0119,75.276,48.6,"SOUTHERN XINJIANG, CHINA",10273909,1499724339
2017,6,29,23:07:16,4.2,39.5444,73.4153,10,TAJIKISTAN-XINJIANG BORDER REG.,10270180,1498777636
2017,6,29,21:45:31,4.1,39.4748,73.3632,10,TAJIKISTAN-XINJIANG BORDER REG.,10270148,1498772731
2017,6,26,00:39:47,4,39.5189,73.5158,10,TAJIKISTAN-XINJIANG BORDER REG.,10230376,1498437587
2017,6,21,19:41:09,4.7,38.3993,73.3754,123.4,TAJIKISTAN-XINJIANG BORDER REG.,10228950,1498074069
2017,6,4,01:24:47,4,38.4064,73.8797,144,TAJIKISTAN-XINJIANG BORDER REG.,10270169,1496539487
2017,5,22,09:23:09,4.9,39.4399,73.5297,10,TAJIKISTAN-XINJIANG BORDER REG.,10159801,1495444989
2017,5,10,22:00:58,5,37.5941,75.4207,10,TAJIKISTAN-XINJIANG BORDER REG.,10155955,1494453658
2017,5,10,21:58:21,5.4,37.6438,75.3063,8.1,TAJIKISTAN-XINJIANG BORDER REG.,10155941,1494453501
2017,5,6,17:57:06,4.2,36.7713,73.9818,77.3,NORTHWESTERN KASHMIR,10154771,1494093426
2017,4,25,14:33:46,4.3,37.437,75.5363,95.8,TAJIKISTAN-XINJIANG BORDER REG.,10100780,1493130826
2017,3,14,11:07:11,5.1,39.2694,73.4711,10,TAJIKISTAN-XINJIANG BORDER REG.,10040587,1489489631
2017,3,6,02:44:00,4.4,37.0511,73.5041,90.3,TAJIKISTAN,10006583,1488768240
2017,2,4,22:26:55,4.2,39.5132,73.5147,10,TAJIKISTAN-XINJIANG BORDER REG.,9998325,1486247215
2017,1,28,13:03:00,4.4,39.1137,74.5351,47.3,"SOUTHERN XINJIANG, CHINA",9995907,1485608580
2017,1,24,18:42:01,4.5,38.4034,76.7229,44.4,"SOUTHERN XINJIANG, CHINA",9994638,1485283321
2017,1,20,09:54:08,5.2,38.289,76.6408,50.8,"SOUTHERN XINJIANG, CHINA",9993175,1484906048
2017,1,7,08:36:14,4.5,39.4928,73.4065,36,TAJIKISTAN-XINJIANG BORDER REG.,9953168,1483778174
2016,12,19,10:57:33,4.7,39.3878,73.9595,61.8,TAJIKISTAN-XINJIANG BORDER REG.,9947123,1482145053
2016,12,13,08:11:57,4.7,39.261,74.0583,53.5,"SOUTHERN XINJIANG, CHINA",9913730,1481616717
2016,12,11,14:21:11,4.4,39.2072,74.4709,54.8,"SOUTHERN XINJIANG, CHINA",9913054,1481466071
2016,12,11,03:36:30,4.4,39.2264,74.5655,45.4,"SOUTHERN XINJIANG, CHINA",9912967,1481427390
2016,12,6,15:08:53,4.3,39.2117,74.2603,53.5,"SOUTHERN XINJIANG, CHINA",9911444,1481036933
2016,12,5,01:15:17,4.3,39.2922,74.1789,36.6,"SOUTHERN XINJIANG, CHINA",9914045,1480900517
2016,12,4,03:56:25,4.3,39.3235,74.2514,51.5,"SOUTHERN XINJIANG, CHINA",5199645,1480823785
2016,12,4,03:27:26,4.1,39.2371,74.2008,59.3,"SOUTHERN XINJIANG, CHINA",5199643,1480822046
2016,12,3,07:42:42,4.2,39.3465,73.9768,10,TAJIKISTAN-XINJIANG BORDER REG.,5199574,1480750962
2016,11,29,22:15:50,4.4,39.3115,74.064,10,"SOUTHERN XINJIANG, CHINA",5199233,1480457750
2016,11,27,16:43:40,4.6,39.2259,74.5477,31.4,"SOUTHERN XINJIANG, CHINA",5198972,1480265020
2016,11,27,05:06:43,4.5,39.3407,74.0156,10,"SOUTHERN XINJIANG, CHINA",5198919,1480223203
2016,11,26,19:46:43,4.4,39.098,74.4524,10,"SOUTHERN XINJIANG, CHINA",5198904,1480189603
2016,11,26,10:23:47,4.3,39.2802,74.3666,10,"SOUTHERN XINJIANG, CHINA",5198870,1480155827
2016,11,26,10:08:01,4.7,39.1643,74.2328,10,"SOUTHERN XINJIANG, CHINA",5198869,1480154881
2016,11,26,09:23:26,5.1,39.2566,74.2004,10,"SOUTHERN XINJIANG, CHINA",5198864,1480152206
2016,11,26,07:42:56,4.2,39.216,73.7101,10,TAJIKISTAN-XINJIANG BORDER REG.,5198853,1480146176
2016,11,25,23:12:44,4.4,39.2614,74.0438,10,"SOUTHERN XINJIANG, CHINA",5198811,1480115564
2016,11,25,20:58:21,4.9,39.1863,74.2368,10,"SOUTHERN XINJIANG, CHINA",5198808,1480107501
2016,11,25,20:37:31,4.2,39.2684,73.9919,10,TAJIKISTAN-XINJIANG BORDER REG.,5198806,1480106251
2016,11,25,19:46:19,4.7,39.2373,74.3071,10,"SOUTHERN XINJIANG, CHINA",5198804,1480103179
2016,11,25,18:37:35,4.4,39.2016,73.8806,10,TAJIKISTAN-XINJIANG BORDER REG.,5198800,1480099055
2016,11,25,16:12:07,4.4,39.4205,74.2299,10,"SOUTHERN XINJIANG, CHINA",5198791,1480090327
2016,11,25,15:26:46,4.8,39.2199,73.9792,10,TAJIKISTAN-XINJIANG BORDER REG.,5198785,1480087606
2016,11,25,14:47:18,4.4,39.2114,74.3243,65.2,"SOUTHERN XINJIANG, CHINA",9912839,1480085238
2016,11,25,14:40:03,5.1,39.3566,73.9707,10,TAJIKISTAN-XINJIANG BORDER REG.,9912837,1480084803
2016,11,25,14:24:30,6.6,39.23,74.0208,17,"SOUTHERN XINJIANG, CHINA",5198775,1480083870
2016,11,25,14:18:59,5.2,39.1868,73.9162,10,TAJIKISTAN-XINJIANG BORDER REG.,5198774,1480083539
2016,10,30,15:18:58,4.2,38.4792,73.7265,121.1,TAJIKISTAN-XINJIANG BORDER REG.,5196627,1477840738
2016,10,15,03:50:49,4.2,39.4318,73.4508,42.2,TAJIKISTAN-XINJIANG BORDER REG.,5197995,1476503449
2016,8,13,07:20:16,4.3,39.4525,73.5403,10,TAJIKISTAN-XINJIANG BORDER REG.,5192678,1471072816
2016,8,13,00:04:59,4.5,39.3904,73.3957,10,TAJIKISTAN-XINJIANG BORDER REG.,5190370,1471046699
2016,8,12,12:15:14,4.3,39.2633,73.4331,35,TAJIKISTAN-XINJIANG BORDER REG.,5190348,1471004114
2016,8,12,02:07:03,4.5,39.3594,73.5121,10,TAJIKISTAN-XINJIANG BORDER REG.,5190305,1470967623
2016,8,10,12:44:03,4.3,39.4681,73.5545,10,TAJIKISTAN-XINJIANG BORDER REG.,5190148,1470833043
2016,8,9,13:06:41,4.5,39.5593,73.5442,10,TAJIKISTAN-XINJIANG BORDER REG.,5190052,1470748001
2016,8,5,04:34:09,4.4,39.529,73.4583,35.8,TAJIKISTAN-XINJIANG BORDER REG.,5189780,1470371649
2016,8,2,23:06:18,4.3,39.462,73.323,45.6,TAJIKISTAN-XINJIANG BORDER REG.,5191110,1470179178
2016,7,27,23:27:44,4.6,39.4543,73.3421,10,TAJIKISTAN-XINJIANG BORDER REG.,5189092,1469662064
2016,7,27,04:19:57,4,39.4224,73.2913,28,TAJIKISTAN-XINJIANG BORDER REG.,5191743,1469593197
2016,7,26,21:51:46,4.4,38.3311,75.5518,124.3,"SOUTHERN XINJIANG, CHINA",5188968,1469569906
2016,7,22,23:33:36,4.3,39.4835,73.3064,10,TAJIKISTAN-XINJIANG BORDER REG.,5188652,1469230416
2016,7,21,05:29:20,4.9,39.4789,73.5391,15.6,TAJIKISTAN-XINJIANG BORDER REG.,5188484,1469078960
2016,7,20,12:55:25,4.5,39.4054,73.4028,10,TAJIKISTAN-XINJIANG BORDER REG.,5190914,1469019325
2016,7,14,06:53:29,4.6,39.4563,73.4252,10,TAJIKISTAN-XINJIANG BORDER REG.,5187851,1468479209
2016,7,5,21:00:21,4.4,39.4658,73.5218,10,TAJIKISTAN-XINJIANG BORDER REG.,5187084,1467752421
2016,7,5,15:52:03,4.3,38.2465,73.7141,149.1,TAJIKISTAN-XINJIANG BORDER REG.,5187075,1467733923
2016,7,5,02:52:49,4.2,39.473,73.4987,10,TAJIKISTAN-XINJIANG BORDER REG.,5190213,1467687169
2016,7,4,02:24:20,4.7,39.4168,73.4673,10,TAJIKISTAN-XINJIANG BORDER REG.,5186957,1467599060
2016,7,3,15:56:44,4.4,39.4712,73.4743,10,TAJIKISTAN-XINJIANG BORDER REG.,5186927,1467561404
2016,7,1,11:01:14,4.3,39.4009,73.8065,15.7,TAJIKISTAN-XINJIANG BORDER REG.,5190055,1467370874
2016,7,1,10:57:49,4.3,39.3642,73.4765,10,TAJIKISTAN-XINJIANG BORDER REG.,5190258,1467370669
2016,7,1,04:19:48,4.3,39.4589,73.3502,10,TAJIKISTAN-XINJIANG BORDER REG.,5186771,1467346788
2016,6,29,11:23:52,4.4,39.5221,73.4857,10,TAJIKISTAN-XINJIANG BORDER REG.,5189278,1467199432
2016,6,29,09:40:22,4.2,39.4983,73.5917,10,TAJIKISTAN-XINJIANG BORDER REG.,5189270,1467193222
2016,6,29,08:08:14,5.1,39.4279,73.3766,10,TAJIKISTAN-XINJIANG BORDER REG.,5186615,1467187694
2016,6,28,22:57:52,4.4,39.4725,73.3906,10,TAJIKISTAN-XINJIANG BORDER REG.,5186576,1467154672
2016,6,28,21:38:04,5.5,39.4745,73.341,13.6,TAJIKISTAN-XINJIANG BORDER REG.,5186572,1467149884
2016,6,28,15:09:54,4.4,39.3883,73.7692,10,TAJIKISTAN-XINJIANG BORDER REG.,5189481,1467126594
2016,6,28,12:43:16,4.8,39.487,73.387,17.8,TAJIKISTAN-XINJIANG BORDER REG.,5186542,1467117796
2016,6,28,09:07:16,4.5,39.3754,73.5926,10,TAJIKISTAN-XINJIANG BORDER REG.,5186540,1467104836
2016,6,28,08:38:19,4.2,39.4678,73.2877,10,TAJIKISTAN-XINJIANG BORDER REG.,5187471,1467103099
2016,6,27,21:54:39,4.4,39.4237,73.5626,10,TAJIKISTAN-XINJIANG BORDER REG.,5186520,1467064479
2016,6,27,19:29:32,4.9,39.4026,73.7164,10,TAJIKISTAN-XINJIANG BORDER REG.,5189557,1467055772
2016,6,27,19:28:49,5.3,39.4606,73.5842,10,TAJIKISTAN-XINJIANG BORDER REG.,5186495,1467055729
2016,6,27,16:33:18,4,39.5213,73.2819,10,TAJIKISTAN-XINJIANG BORDER REG.,5186489,1467045198
2016,6,27,15:53:12,4.3,39.4592,73.6412,10,TAJIKISTAN-XINJIANG BORDER REG.,5186486,1467042792
2016,6,27,14:44:09,4.2,39.633,73.7798,10,TAJIKISTAN-XINJIANG BORDER REG.,5189078,1467038649
2016,6,27,13:28:36,4.3,39.6123,73.4037,10,TAJIKISTAN-XINJIANG BORDER REG.,5186482,1467034116
2016,6,27,12:59:15,4.4,39.4256,73.4529,10,TAJIKISTAN-XINJIANG BORDER REG.,5187424,1467032355
2016,6,27,12:38:15,4.5,39.403,73.5453,10,TAJIKISTAN-XINJIANG BORDER REG.,5187417,1467031095
2016,6,27,07:34:13,4.5,39.4567,73.6269,10,TAJIKISTAN-XINJIANG BORDER REG.,5186460,1467012853
2016,6,27,06:25:37,4.6,39.4202,73.298,9.6,TAJIKISTAN-XINJIANG BORDER REG.,5186454,1467008737
2016,6,27,05:45:24,4.4,39.5074,73.4823,10,TAJIKISTAN-XINJIANG BORDER REG.,5186464,1467006324
2016,6,27,05:08:23,4.3,39.4426,73.4941,21.6,TAJIKISTAN-XINJIANG BORDER REG.,5186458,1467004103
2016,6,27,02:55:02,4.3,39.5189,73.3143,10,TAJIKISTAN-XINJIANG BORDER REG.,5186515,1466996102
2016,6,27,02:32:07,4.4,39.3888,73.5866,10,TAJIKISTAN-XINJIANG BORDER REG.,5186514,1466994727
2016,6,26,23:37:48,4.3,39.4764,73.5807,10,TAJIKISTAN-XINJIANG BORDER REG.,5188007,1466984268
2016,6,26,21:16:44,4.3,39.6393,73.3867,10,TAJIKISTAN-XINJIANG BORDER REG.,5189449,1466975804
2016,6,26,20:00:36,4.3,39.5109,73.4509,10,TAJIKISTAN-XINJIANG BORDER REG.,5186415,1466971236
2016,6,26,18:51:12,4.4,39.4425,73.3019,10,TAJIKISTAN-XINJIANG BORDER REG.,5186409,1466967072
2016,6,26,16:19:01,4.2,39.451,73.7393,10,TAJIKISTAN-XINJIANG BORDER REG.,5186417,1466957941
2016,6,26,16:09:18,4.3,39.5087,73.6454,10,TAJIKISTAN-XINJIANG BORDER REG.,5189059,1466957358
2016,6,26,16:02:01,4.4,39.5267,73.5456,10,TAJIKISTAN-XINJIANG BORDER REG.,5186414,1466956921
2016,6,26,15:48:12,4.4,39.5119,73.7082,10,TAJIKISTAN-XINJIANG BORDER REG.,5186412,1466956092
2016,6,26,15:06:29,4.1,39.3053,73.7919,10,TAJIKISTAN-XINJIANG BORDER REG.,5188943,1466953589
2016,6,26,14:58:16,4.4,39.454,73.5017,10,TAJIKISTAN-XINJIANG BORDER REG.,5186408,1466953096
2016,6,26,14:43:27,4.3,39.2996,73.8362,10,TAJIKISTAN-XINJIANG BORDER REG.,5188934,1466952207
2016,6,26,14:40:22,4.3,39.5976,73.4219,10,TAJIKISTAN-XINJIANG BORDER REG.,5188932,1466952022
2016,6,26,14:21:36,4.1,39.643,73.367,10,TAJIKISTAN-XINJIANG BORDER REG.,5186405,1466950896
2016,6,26,14:16:00,4.3,39.4635,73.4408,10,TAJIKISTAN-XINJIANG BORDER REG.,5188849,1466950560
2016,6,26,13:46:20,4.3,39.5103,73.454,10,TAJIKISTAN-XINJIANG BORDER REG.,5186402,1466948780
2016,6,26,12:50:05,4.4,39.4051,73.6014,10,TAJIKISTAN-XINJIANG BORDER REG.,5187415,1466945405
2016,6,26,12:21:58,4.3,39.425,73.3826,10,TAJIKISTAN-XINJIANG BORDER REG.,5187411,1466943718
2016,6,26,12:16:11,4.3,39.2509,73.5036,10,TAJIKISTAN-XINJIANG BORDER REG.,5187412,1466943371
2016,6,26,12:08:12,4.2,39.4159,73.9782,10,TAJIKISTAN-XINJIANG BORDER REG.,5187402,1466942892
2016,6,26,12:03:23,4.5,39.4727,73.8062,10,TAJIKISTAN-XINJIANG BORDER REG.,5187403,1466942603
2016,6,26,11:56:51,4.2,39.3673,73.3647,10,TAJIKISTAN-XINJIANG BORDER REG.,5187399,1466942211
2016,6,26,11:46:08,4.5,39.2913,73.4902,10,TAJIKISTAN-XINJIANG BORDER REG.,5187400,1466941568
2016,6,26,11:43:15,4.5,39.299,73.4515,10,TAJIKISTAN-XINJIANG BORDER REG.,5187396,1466941395
2016,6,26,11:40:48,4.6,39.3387,73.613,10,TAJIKISTAN-XINJIANG BORDER REG.,5187391,1466941248
2016,6,26,11:35:28,4.6,39.6441,73.562,10,TAJIKISTAN-XINJIANG BORDER REG.,5187393,1466940928
2016,6,26,11:32:46,4.8,39.4381,73.7349,10,TAJIKISTAN-XINJIANG BORDER REG.,5187386,1466940766
2016,6,26,11:30:22,4.9,39.4451,73.6218,10,TAJIKISTAN-XINJIANG BORDER REG.,5187384,1466940622
2016,6,26,11:28:27,4.9,39.4074,73.5245,10,TAJIKISTAN-XINJIANG BORDER REG.,5191669,1466940507
2016,6,26,11:17:11,6.4,39.4793,73.3388,13,TAJIKISTAN-XINJIANG BORDER REG.,5186388,1466939831
2016,6,26,01:02:50,4.1,38.7001,73.3176,10,TAJIKISTAN-XINJIANG BORDER REG.,5189091,1466902970
2016,6,25,10:33:37,4.1,39.4753,73.684,10,TAJIKISTAN-XINJIANG BORDER REG.,5188744,1466850817
2016,6,22,13:22:24,4.7,38.3415,75.5163,130.4,"SOUTHERN XINJIANG, CHINA",5187881,1466601744
2016,5,17,00:24:31,4.1,39.6181,75.6198,10,"SOUTHERN XINJIANG, CHINA",5183575,1463444671
2016,5,15,17:02:26,4.6,39.7699,75.6205,10,"SOUTHERN XINJIANG, CHINA",5185866,1463331746
2016,5,15,16:59:10,4.5,39.7951,75.3554,10,"SOUTHERN XINJIANG, CHINA",5182849,1463331550
2016,5,4,09:51:49,4.3,38.1877,74.1795,165.7,TAJIKISTAN-XINJIANG BORDER REG.,5181711,1462355509
2016,5,4,00:34:13,4.4,38.652,73.7741,103.7,TAJIKISTAN-XINJIANG BORDER REG.,10224440,1462322053
2016,5,4,00:34:12,4.4,38.6034,73.8565,104.1,TAJIKISTAN-XINJIANG BORDER REG.,5181937,1462322052
2016,4,30,23:20:43,4.3,38.1366,74.6378,133.3,TAJIKISTAN-XINJIANG BORDER REG.,5181432,1462058443
2016,4,29,04:36:36,4.7,39.674,74.125,10,"SOUTHERN XINJIANG, CHINA",5181260,1461904596
2016,4,26,09:33:58,4.3,39.6698,75.2934,44,"SOUTHERN XINJIANG, CHINA",5184255,1461663238
,,,,,,,,,,
2014,9,7,16:43:16,3.2,26.9382,103.9185,10,"YUNNAN, CHINA",10420839,1410108196
2014,8,3,09:22:09,3.3,26.9821,103.4863,0,"YUNNAN, CHINA",10353275,1407057729
2014,12,23,17:44:28,3.5,26.9906,106.2514,0,SOUTHEASTERN CHINA,10513372,1419356668
2014,12,15,18:19:11,4.4,27.038,103.602,29,"YUNNAN, CHINA",4818320,1418667551
2014,8,6,23:25:25,3.6,27.04,103.42,5,"YUNNAN, CHINA",10357447,1407367525
2014,11,20,23:16:13,4.1,27.0704,103.3089,10,"YUNNAN, CHINA",4817335,1416525373
2014,8,3,09:13:11,3.5,27.0795,104.0554,0,"YUNNAN, CHINA",10353267,1407057191
2014,8,3,11:46:33,4.4,27.0826,103.5382,10,"YUNNAN, CHINA",4769505,1407066393
2014,8,5,22:33:52,3.6,27.0895,103.5817,0,"YUNNAN, CHINA",10356271,1407278032
2016,8,12,11:25:23,4.6,27.09,103.6535,10,"YUNNAN, CHINA",5193732,1471001123
2014,12,17,03:08:32,3.1,27.09,103.36,14,"YUNNAN, CHINA",10505920,1418785712
2014,8,23,02:29:13,4.6,27.0989,103.5564,10,"YUNNAN, CHINA",4809237,1408760953
2014,8,3,10:12:44,4.3,27.1037,103.5176,10,"YUNNAN, CHINA",4769473,1407060764
2014,8,5,00:29:36,3.5,27.11,103.36,5,"YUNNAN, CHINA",10355149,1407198576
2015,2,9,23:48:41,3.3,27.1211,103.9276,0,"YUNNAN, CHINA",10618730,1423525721
2015,6,21,00:13:28,3.9,27.1216,103.4694,10,"YUNNAN, CHINA",10791326,1434845608
2014,8,13,12:16:31,4.1,27.1294,103.5083,30.1,"YUNNAN, CHINA",4808749,1407932191
2014,8,3,22:18:18,3.6,27.1315,103.4495,0,"YUNNAN, CHINA",10353896,1407104298
2014,10,26,16:02:31,4.6,27.1403,103.5188,10,"YUNNAN, CHINA",4812636,1414339351
2014,8,4,21:14:38,3.4,27.1443,103.4808,0,"YUNNAN, CHINA",10355005,1407186878
2014,8,10,04:39:13,4.1,27.1479,103.4239,10,"YUNNAN, CHINA",4808283,1407645553
2015,8,7,09:49:02,4.2,27.1495,103.3171,10,"YUNNAN, CHINA",5159111,1438940942
2015,2,10,15:45:34,4.2,27.1497,103.4825,35,"YUNNAN, CHINA",5075247,1423583134
2014,8,3,14:28:31,4.7,27.1502,103.4774,10,"YUNNAN, CHINA",4765316,1407076111
2014,9,10,08:59:31,4.7,27.1508,103.5725,10,"YUNNAN, CHINA",4812191,1410339571
2014,8,3,19:30:32,4.6,27.1612,103.4425,10,"YUNNAN, CHINA",4765315,1407094232
2014,8,3,10:34:03,4.5,27.1625,103.3621,10,"YUNNAN, CHINA",4769501,1407062043
2014,9,8,02:40:38,4.4,27.1635,103.4961,10,"YUNNAN, CHINA",4811028,1410144038
2014,8,3,11:07:22,4.4,27.1651,103.6709,10,"YUNNAN, CHINA",4765266,1407064042
2014,9,17,05:05:43,4.5,27.1851,103.4672,10,"YUNNAN, CHINA",4813177,1410930343
2016,8,12,06:56:56,4.7,27.1902,103.4697,10,"YUNNAN, CHINA",5190323,1470985016
2014,8,8,06:39:30,4.6,27.1939,103.3072,10,"YUNNAN, CHINA",4791701,1407479970
2015,3,27,14:18:34,3.5,27.199,103.4876,10,"YUNNAN, CHINA",10671470,1427465914
2014,10,6,23:25:21,4.3,27.2016,103.2203,10,"YUNNAN, CHINA",4813354,1412637921
2017,3,12,12:21:23,4.8,27.204,103.5744,37.3,"YUNNAN, CHINA",10040008,1489321283
2015,3,9,22:44:37,3.5,27.2085,103.8847,0,"YUNNAN, CHINA",10653726,1425941077
2014,8,3,08:30:14,6.2,27.217,103.458,28,"YUNNAN, CHINA",4765255,1407054614
2017,3,29,23:48:19,4.1,27.218,103.7006,10,"YUNNAN, CHINA",10049266,1490831299
2014,8,3,23:06:11,4.3,27.2216,103.3272,10,"YUNNAN, CHINA",4769011,1407107171
2016,8,13,13:22:38,4.3,27.2261,103.4576,10,"YUNNAN, CHINA",5192397,1471094558
2015,4,12,15:31:08,3.7,27.2266,103.6235,10,"YUNNAN, CHINA",10697935,1428852668
2014,11,2,17:13:02,3.8,27.2425,103.5052,10,"YUNNAN, CHINA",10524081,1414948382
2014,8,3,13:47:09,4.6,27.2425,103.3889,10,"YUNNAN, CHINA",4765299,1407073629
2014,8,4,22:20:56,3.4,27.2452,103.7842,0,"YUNNAN, CHINA",10355060,1407190856
2018,8,10,17:17:33,4.5,27.2783,104.0138,16.5,"YUNNAN, CHINA",10933496,1533921453
2014,8,3,08:45:18,3.7,27.2801,103.5809,0,"YUNNAN, CHINA",10353242,1407055518
2017,2,8,11:11:42,4.9,27.303,103.4248,10,"YUNNAN, CHINA",9999177,1486552302
2016,2,15,07:59:11,4.4,27.3516,103.7083,32.8,"YUNNAN, CHINA",5178075,1455523151
2015,3,13,19:20:27,3.6,27.4236,103.8248,0,"YUNNAN, CHINA",10657388,1426274427
2014,10,9,05:20:32,3.7,27.43,106.16,4,SOUTHEASTERN CHINA,10461666,1412832032
2014,6,11,18:19:36,3.7,27.5121,104.1539,35,"YUNNAN, CHINA",10297020,1402510776
2018,8,15,13:28:13,4.8,27.527,103.9975,10,"YUNNAN, CHINA",10935736,1534339693
2018,8,17,17:36:42,4.6,27.5676,103.9934,34.7,"YUNNAN, CHINA",10936900,1534527402
2018,5,17,18:40:32,4.2,27.6167,103.8967,10,"YUNNAN, CHINA",10805058,1526582432
2015,2,15,10:08:54,3.2,27.6432,104.2996,0,"YUNNAN, CHINA",10624144,1423994934
2014,5,26,15:47:35,3.4,27.7525,104.5193,0,"YUNNAN, CHINA",10260628,1401119255
2014,8,3,15:08:29,4.3,27.8519,104.6086,0,"YUNNAN, CHINA",10353573,1407078509
2014,8,17,01:24:55,3.5,27.9368,103.4046,0,"YUNNAN, CHINA",10368612,1408238695
2014,6,11,13:54:56,3.4,27.9414,103.5074,0,"YUNNAN, CHINA",10296792,1402494896
2014,3,29,13:45:25,3.5,27.9746,104.5739,0,"YUNNAN, CHINA",10084175,1396100725
2014,4,2,15:32:37,3.4,28.0041,103.5358,0,"SICHUAN, CHINA",10166797,1396452757
2014,8,17,07:36:49,3.6,28.0292,103.514,0,"SICHUAN, CHINA",10368872,1408261009
2014,12,3,08:33:02,3.5,28.031,103.829,0,"SICHUAN, CHINA",10490818,1417595582
2014,8,17,09:51:17,3.2,28.0381,103.7006,0,"SICHUAN, CHINA",10368955,1408269077
2015,5,16,06:28:56,3.4,28.042,103.4749,0,"SICHUAN, CHINA",10746634,1431757736
2015,5,23,15:51:31,3.7,28.0459,104.7694,35,"SICHUAN, CHINA",10754083,1432396291
2015,5,1,09:12:04,3.8,28.0665,103.4813,35,"SICHUAN, CHINA",10729821,1430471524
2015,5,1,10:14:02,4.1,28.0719,103.562,35,"SICHUAN, CHINA",5152819,1430475242
2015,2,26,17:43:34,3.6,28.0753,104.7467,0,"SICHUAN, CHINA",10635131,1424972614
2014,6,8,21:33:44,3.5,28.0791,103.5789,0,"SICHUAN, CHINA",10293832,1402263224
2015,8,8,06:06:55,3.8,28.0858,104.8544,0,"SICHUAN, CHINA",10859173,1439014015
2017,6,9,13:17:45,4.6,28.0901,104.9566,30.4,"SICHUAN, CHINA",10227751,1497014265
2018,3,17,19:31:04,4.2,28.0952,104.6884,31.8,"SICHUAN, CHINA",10720619,1521315064
2017,1,15,10:05:39,4.5,28.0958,104.765,32,"SICHUAN, CHINA",9997813,1484474739
2014,8,17,14:48:01,3.6,28.1,103.52,10,"SICHUAN, CHINA",10369155,1408286881
2014,8,17,08:45:52,4.4,28.116,103.594,19,"SICHUAN, CHINA",4767262,1408265152
2017,1,15,11:29:21,4.1,28.1162,104.6715,31.9,"SICHUAN, CHINA",9998185,1484479761
2014,4,9,15:12:50,4.2,28.1203,103.6878,35,"SICHUAN, CHINA",4638700,1397056370
2015,2,2,00:20:31,4,28.122,104.7113,10,"SICHUAN, CHINA",5006979,1422836431
2014,8,16,22:07:59,5.1,28.1251,103.5463,10,"SICHUAN, CHINA",4767224,1408226879
2014,12,29,16:08:35,4.2,28.1269,104.8471,32.9,"SICHUAN, CHINA",5003474,1419869315
2014,6,24,00:15:38,4.1,28.1272,104.7578,10,"SICHUAN, CHINA",4726374,1403568938
2019,1,15,15:52:24,4.5,28.1278,104.9626,10,"SICHUAN, CHINA",11001579,1547567544
2014,8,8,09:44:39,3.3,28.1281,105.3845,0,"SICHUAN, CHINA",10358937,1407491079
2014,4,4,22:40:34,4.9,28.1317,103.6474,18.8,"SICHUAN, CHINA",4597569,1396651234
2017,1,15,11:20:59,4.4,28.1323,104.7425,35.7,"SICHUAN, CHINA",9998184,1484479259
2014,12,6,15:49:31,3.4,28.1343,103.7058,0,"SICHUAN, CHINA",10494261,1417880971
2014,4,23,17:19:41,4.3,28.1369,103.6425,10,"SICHUAN, CHINA",4640627,1398273581
2017,5,4,05:40:22,4.9,28.1479,104.9158,10,"SICHUAN, CHINA",10153732,1493876422
2015,2,7,11:46:50,3.5,28.1501,105.0661,0,"SICHUAN, CHINA",10616432,1423309610
2019,6,5,07:27:01,4.4,28.1508,103.6451,33.9,"SICHUAN, CHINA",11045301,1559719621
2019,7,7,16:37:39,4.5,28.1516,104.8509,10,"SICHUAN, CHINA",11082148,1562517459
2014,8,20,10:20:58,4.6,28.1525,103.5911,31.5,"SICHUAN, CHINA",4809281,1408530058
2015,5,1,21:32:49,3.5,28.155,103.7094,0,"SICHUAN, CHINA",10730436,1430515969
2019,5,15,20:33:37,4.8,28.1554,103.6621,37.7,"SICHUAN, CHINA",11037736,1557952417
2014,9,11,16:29:35,4.4,28.1647,103.5782,10,"SICHUAN, CHINA",4807786,1410452975
2015,4,24,11:49:03,4.2,28.167,104.8039,10,"SICHUAN, CHINA",5152893,1429876143
2016,12,28,12:03:10,4.1,28.1681,104.8434,10,"SICHUAN, CHINA",9995566,1482926590
2017,1,18,14:35:19,4.9,28.1707,104.8738,44.7,"SICHUAN, CHINA",9999144,1484750119
2017,2,2,00:34:33,4.6,28.1777,104.7993,33.4,"SICHUAN, CHINA",9997369,1485995673
2016,6,16,15:12:26,4.2,28.1782,103.5829,29.7,"SICHUAN, CHINA",5188329,1466089946
2017,1,27,18:46:36,5.3,28.1832,104.8275,32.2,"SICHUAN, CHINA",9995628,1485542796
2014,8,17,09:11:45,4.7,28.1851,103.7061,10,"SICHUAN, CHINA",4767265,1408266705
2017,4,5,10:34:59,4.3,28.1907,105.0359,10,"SICHUAN, CHINA",10118227,1491388499
2015,5,22,21:36:57,3.5,28.2076,103.5178,35,"SICHUAN, CHINA",10753354,1432330617
2018,10,29,21:00:06,4.5,28.2087,103.7049,10,"SICHUAN, CHINA",10965352,1540846806
2018,5,8,15:11:34,4.7,28.2104,103.5613,10,"SICHUAN, CHINA",10770540,1525792294
2014,3,31,11:07:28,4.2,28.2116,103.6203,10,"SICHUAN, CHINA",4600169,1396264048
2019,7,23,14:25:24,4.5,28.2136,104.641,10,"SICHUAN, CHINA",11089577,1563891924
2014,3,29,02:20:38,3.8,28.2238,105.2655,10,"SICHUAN, CHINA",10083649,1396059638
2015,4,11,01:17:53,4.1,28.2313,104.7397,35,"SICHUAN, CHINA",5111414,1428715073
2014,8,16,22:18:37,4.3,28.2464,103.6539,10,"SICHUAN, CHINA",4807493,1408227517
2015,2,10,17:07:56,3.3,28.2532,105.5055,0,"SICHUAN, CHINA",10619422,1423588076
2019,1,3,00:48:08,5.2,28.261,104.9842,10,"SICHUAN, CHINA",10992035,1546476488
2019,4,24,15:55:28,4.5,28.2612,103.538,10,"SICHUAN, CHINA",11029619,1556121328
2019,4,26,17:19:13,4.3,28.263,104.9533,10,"SICHUAN, CHINA",11030763,1556299153
2018,12,16,04:46:11,5.4,28.2635,104.9907,27.3,"SICHUAN, CHINA",10985684,1544935571
2019,1,4,07:59:32,4.2,28.2824,104.9121,10,"SICHUAN, CHINA",10999845,1546588772
2015,4,12,06:48:42,3.8,28.2971,104.5771,10,"SICHUAN, CHINA",10697558,1428821322
2019,10,21,00:25:38,4.5,28.2976,104.8979,10,"SICHUAN, CHINA",11139766,1571617538
2014,11,30,19:50:41,3.5,28.298,103.9524,0,"SICHUAN, CHINA",10555866,1417377041
2015,6,26,14:05:36,4.6,28.3046,106.1286,10,SOUTHEASTERN CHINA,5153125,1435327536
2019,6,17,15:03:08,4.9,28.3058,104.8033,10,"SICHUAN, CHINA",11053149,1560783788
2019,6,17,15:41:37,4.7,28.317,104.8323,10,"SICHUAN, CHINA",11053467,1560786097
2015,3,14,12:31:32,3.4,28.318,103.175,35,"SICHUAN, CHINA",10658118,1426336292
2014,8,8,19:55:56,3.5,28.3184,105.3694,0,"SICHUAN, CHINA",10359423,1407527756
2016,9,26,08:03:25,4.3,28.3452,103.5493,10,"SICHUAN, CHINA",10206629,1474877005
2019,6,20,22:56:49,4.4,28.3463,104.6388,10,"SICHUAN, CHINA",11054526,1561071409
2016,1,18,03:24:41,4.2,28.3547,104.8962,32.3,"SICHUAN, CHINA",5172471,1453087481
2019,7,22,08:26:41,4.6,28.3586,104.9189,35,"SICHUAN, CHINA",11081776,1563784001
2015,4,18,12:48:21,3.8,28.3611,103.2297,10,"SICHUAN, CHINA",10704264,1429361301
2014,4,29,13:17:55,4.7,28.3649,104.9233,19,"SICHUAN, CHINA",4640709,1398777475
2019,6,22,21:08:24,4.4,28.3651,104.7626,10,"SICHUAN, CHINA",11054653,1561237704
2014,2,4,15:08:08,3.5,28.3661,104.6364,35,"SICHUAN, CHINA",10011347,1391526488
2014,8,8,15:33:04,3.4,28.3694,105.4194,0,"SICHUAN, CHINA",10359217,1407511984
2015,2,6,21:01:08,4.8,28.3806,104.9732,10.1,"SICHUAN, CHINA",5004562,1423256468
2015,11,30,15:02:52,4.6,28.3819,104.9701,10,"SICHUAN, CHINA",5169714,1448895772
2019,6,17,16:39:11,4.6,28.3897,105.0455,10,"SICHUAN, CHINA",11053478,1560789551
2019,6,17,15:09:02,4.6,28.3913,104.8859,10,"SICHUAN, CHINA",11053163,1560784142
2015,4,16,21:03:15,3.1,28.3963,104.2465,0,"SICHUAN, CHINA",10702422,1429218195
2019,6,17,23:34:34,4.7,28.3995,104.9852,10,"SICHUAN, CHINA",11050254,1560814474
2019,6,17,14:55:45,5.8,28.4005,104.9294,10,"SICHUAN, CHINA",11049986,1560783345
2019,7,3,22:45:20,4.2,28.4031,104.8733,10,"SICHUAN, CHINA",11073523,1562193920
2015,2,7,00:47:35,4.2,28.4105,105.0054,19,"SICHUAN, CHINA",5057174,1423270055
2019,6,17,15:02:37,4.9,28.4109,104.7703,10,"SICHUAN, CHINA",11053154,1560783757
2014,9,30,17:44:19,4.4,28.4113,104.8856,19,"SICHUAN, CHINA",4809979,1412099059
2014,12,23,20:21:10,3.2,28.4122,104.6263,68.2,"SICHUAN, CHINA",10513508,1419366070
2019,9,2,19:02:55,4.2,28.4144,105.2535,10,"SICHUAN, CHINA",11112537,1567450975
2015,9,17,22:59:44,4.3,28.4215,104.9219,29.6,"SICHUAN, CHINA",5162234,1442530784
2019,6,17,15:36:02,5.1,28.4397,104.8739,10,"SICHUAN, CHINA",11049997,1560785762
2019,7,3,04:26:54,4.9,28.442,104.977,10,"SICHUAN, CHINA",11056153,1562128014
2014,4,26,23:21:03,3.7,28.4431,104.9496,19,"SICHUAN, CHINA",10196314,1398554463
2019,6,17,15:23:30,4.4,28.4474,104.9682,10,"SICHUAN, CHINA",11053172,1560785010
2019,6,17,16:37:56,4.9,28.4538,104.9579,10,"SICHUAN, CHINA",11050104,1560789476
2019,6,22,14:29:55,5.3,28.4545,104.8963,10,"SICHUAN, CHINA",11052194,1561213795
2015,2,8,03:10:35,3.6,28.4559,105.2448,35,"SICHUAN, CHINA",10617057,1423365035
2019,8,12,22:31:55,4.7,28.4578,104.954,10,"SICHUAN, CHINA",11096556,1565649115
2019,6,17,21:03:26,4.9,28.4734,104.9387,10,"SICHUAN, CHINA",11050202,1560805406
2019,6,23,00:28:18,4.9,28.4741,104.8907,10,"SICHUAN, CHINA",11052284,1561249698
2015,3,25,04:43:38,3.5,28.4916,105.1367,19,"SICHUAN, CHINA",10669099,1427258618
2019,6,17,16:29:08,4.7,28.4923,104.9192,10,"SICHUAN, CHINA",11050135,1560788948
2019,7,4,02:17:58,5.2,28.5132,104.8625,10,"SICHUAN, CHINA",11056615,1562206678
2019,6,24,01:23:16,4.6,28.5199,104.7971,10,"SICHUAN, CHINA",11052539,1561339396
2017,4,3,20:57:53,4.1,28.532,103.5628,37.6,"SICHUAN, CHINA",10153057,1491253073
2015,1,27,18:14:34,4,28.5645,103.7898,35,"SICHUAN, CHINA",5007125,1422382474
2014,8,8,08:54:00,3.3,28.5811,106.0428,0,SOUTHEASTERN CHINA,10358889,1407488040
2015,1,3,00:16:22,4.3,28.5949,103.835,10,"SICHUAN, CHINA",5003322,1420244182
2015,1,28,14:43:42,4.6,28.5981,105.24,10,"SICHUAN, CHINA",5007326,1422456222
2015,1,4,16:10:19,3.6,28.6188,103.9549,35,"SICHUAN, CHINA",10569113,1420387819
2015,4,2,18:01:48,4.2,28.6369,103.6725,10,"SICHUAN, CHINA",5113142,1427997708
2015,4,13,18:59:43,3.5,28.6771,105.6804,0,"SICHUAN, CHINA",10699071,1428951583
2019,9,6,07:25:36,4.6,28.6904,104.7746,10,"SICHUAN, CHINA",11112235,1567754736
2018,8,11,06:11:32,4.4,28.772,103.4305,10,"SICHUAN, CHINA",10933795,1533967892
2014,4,26,03:17:52,3.5,28.7878,104.6832,0,"SICHUAN, CHINA",10195390,1398482272
2018,3,25,00:40:37,4.3,28.8051,105.2706,10,"SICHUAN, CHINA",10763843,1521938437
2015,4,30,05:45:58,3.6,28.8803,106.2987,10,SOUTHEASTERN CHINA,10717131,1430372758
2017,9,11,16:35:08,4.3,28.9426,105.5216,37.1,"SICHUAN, CHINA",10410271,1505147708
2015,6,17,06:36:39,3.7,29.1195,106.5564,0,"SICHUAN, CHINA",10787539,1434522999
2016,9,10,02:44:57,4.3,29.1898,104.6593,10,"SICHUAN, CHINA",10206039,1473475497
2014,2,18,05:11:41,3.7,29.2497,104.1816,0,"SICHUAN, CHINA",10026639,1392700301
2017,3,10,22:09:19,4.3,29.2924,103.4728,16.7,"SICHUAN, CHINA",10044362,1489183759
2015,1,14,05:21:40,4.9,29.3516,103.2122,17.8,"SICHUAN, CHINA",4835160,1421212900
2015,10,13,23:41:24,4,29.3733,104.9559,10,"SICHUAN, CHINA",5163572,1444779684
2014,7,11,13:01:29,3.8,29.38,104.8,12,"SICHUAN, CHINA",10328982,1405083689
2018,9,21,01:52:03,4.4,29.3957,104.5994,41.6,"SICHUAN, CHINA",10953000,1537494723
2016,12,28,04:43:51,4.4,29.4126,105.5979,10,"SICHUAN, CHINA",10207791,1482900231
2015,3,1,09:40:10,3.5,29.4127,105.8808,35,"SICHUAN, CHINA",10645563,1425202810
2014,2,23,08:58:05,3.6,29.4454,105.6299,29,"SICHUAN, CHINA",10032531,1393145885
2016,1,3,15:44:31,4.6,29.4466,104.1184,10,"SICHUAN, CHINA",5170052,1451835871
2019,9,8,02:36:22,4.9,29.4693,104.6284,10,"SICHUAN, CHINA",11113027,1567910182
2019,2,25,00:40:27,4.6,29.4709,104.5609,10,"SICHUAN, CHINA",11008528,1551055227
2016,12,27,00:17:33,4.9,29.4732,105.7319,10,"SICHUAN, CHINA",9949147,1482797853
2019,2,25,05:15:59,4.9,29.4975,104.6321,10,"SICHUAN, CHINA",11008579,1551071759
2019,9,7,22:42:14,5,29.5278,104.9306,10,"SICHUAN, CHINA",11112970,1567896134
2018,7,22,23:02:03,4.8,29.5396,104.5425,10,"SICHUAN, CHINA",10918132,1532300523
2019,2,23,21:38:10,4.9,29.5517,104.5937,10,"SICHUAN, CHINA",11008307,1550957890
2016,1,7,04:18:04,4.2,29.5976,104.7897,41.3,"SICHUAN, CHINA",5174036,1452140284
2019,6,17,21:49:25,4.4,29.9324,105.0388,10,"SICHUAN, CHINA",11053224,1560808165
2019,6,23,23:35:08,4.6,29.9325,105.0694,10,"SICHUAN, CHINA",11052534,1561332908
2014,7,4,04:11:26,3.7,30.0271,104.8537,0,"SICHUAN, CHINA",10321106,1404447086